Objeto do Contrato;Tipo de Procedimento;Tipo(s) de Contrato;CPVs;Entidade(s) Adjudicante(s);Entidade(s) Adjudicatária(s);Preço Contratual;Data de Publicação;Data de Celebração do Contrato;Prazo de Execução;Local de Execução;Fundamentação;Causa de Extinção do Contrato;Data de Fecho do Contrato;Preço Total Efetivo;Causas das Alterações ao Prazo;Causas das Alterações ao Preço;Estado;N.º registo do Acordo Quadro;Descrição do Acordo Quadro;Procedimento Centralizado;Ligação para Peças do Procedimento

﻿Objeto do Contrato;Tipo de Procedimento;Tipo(s) de Contrato;CPVs;Entidade(s) Adjudicante(s);Entidade(s) Adjudicatária(s);Preço Contratual;Data de Publicação;Data de Celebração do Contrato;Prazo de Execução;Local de Execução;Fundamentação;Causa de Extinção do Contrato;Data de Fecho do Contrato;Preço Total Efetivo;Causas das Alterações ao Prazo;Causas das Alterações ao Preço;Estado;N.º registo do Acordo Quadro;Descrição do Acordo Quadro;Procedimento Centralizado;Ligação para Peças do Procedimento

﻿Objeto do Contrato;Tipo de Procedimento;Tipo(s) de Contrato;CPVs;Entidade(s) Adjudicante(s);Entidade(s) Adjudicatária(s);Preço Contratual;Data de Publicação;Data de Celebração do Contrato;Prazo de Execução;Local de Execução;Fundamentação;Causa de Extinção do Contrato;Data de Fecho do Contrato;Preço Total Efetivo;Causas das Alterações ao Prazo;Causas das Alterações ao Preço;Estado;N.º registo do Acordo Quadro;Descrição do Acordo Quadro;Procedimento Centralizado;Ligação para Peças do Procedimento

﻿Objeto do Contrato;Tipo de Procedimento;Tipo(s) de Contrato;CPVs;Entidade(s) Adjudicante(s);Entidade(s) Adjudicatária(s);Preço Contratual;Data de Publicação;Data de Celebração do Contrato;Prazo de Execução;Local de Execução;Fundamentação;Causa de Extinção do Contrato;Data de Fecho do Contrato;Preço Total Efetivo;Causas das Alterações ao Prazo;Causas das Alterações ao Preço;Estado;N.º registo do Acordo Quadro;Descrição do Acordo Quadro;Procedimento Centralizado;Ligação para Peças do Procedimento

﻿Objeto do Contrato;Tipo de Procedimento;Tipo(s) de Contrato;CPVs;Entidade(s) Adjudicante(s);Entidade(s) Adjudicatária(s);Preço Contratual;Data de Publicação;Data de Celebração do Contrato;Prazo de Execução;Local de Execução;Fundamentação;Causa de Extinção do Contrato;Data de Fecho do Contrato;Preço Total Efetivo;Causas das Alterações ao Prazo;Causas das Alterações ao Preço;Estado;N.º registo do Acordo Quadro;Descrição do Acordo Quadro;Procedimento Centralizado;Ligação para Peças do Procedimento

﻿Objeto do Contrato;Tipo de Procedimento;Tipo(s) de Contrato;CPVs;Entidade(s) Adjudicante(s);Entidade(s) Adjudicatária(s);Preço Contratual;Data de Publicação;Data de Celebração do Contrato;Prazo de Execução;Local de Execução;Fundamentação;Causa de Extinção do Contrato;Data de Fecho do Contrato;Preço Total Efetivo;Causas das Alterações ao Prazo;Causas das Alterações ao Preço;Estado;N.º registo do Acordo Quadro;Descrição do Acordo Quadro;Procedimento Centralizado;Ligação para Peças do Procedimento

﻿Objeto do Contrato;Tipo de Procedimento;Tipo(s) de Contrato;CPVs;Entidade(s) Adjudicante(s);Entidade(s) Adjudicatária(s);Preço Contratual;Data de Publicação;Data de Celebração do Contrato;Prazo de Execução;Local de Execução;Fundamentação;Causa de Extinção do Contrato;Data de Fecho do Contrato;Preço Total Efetivo;Causas das Alterações ao Prazo;Causas das Alterações ao Preço;Estado;N.º registo do Acordo Quadro;Descrição do Acordo Quadro;Procedimento Centralizado;Ligação para Peças do Procedimento

﻿Objeto do Contrato;Tipo de Procedimento;Tipo(s) de Contrato;CPVs;Entidade(s) Adjudicante(s);Entidade(s) Adjudicatária(s);Preço Contratual;Data de Publicação;Data de Celebração do Contrato;Prazo de Execução;Local de Execução;Fundamentação;Causa de Extinção do Contrato;Data de Fecho do Contrato;Preço Total Efetivo;Causas das Alterações ao Prazo;Causas das Alterações ao Preço;Estado;N.º registo do Acordo Quadro;Descrição do Acordo Quadro;Procedimento Centralizado;Ligação para Peças do Procedimento

﻿Objeto do Contrato;Tipo de Procedimento;Tipo(s) de Contrato;CPVs;Entidade(s) Adjudicante(s);Entidade(s) Adjudicatária(s);Preço Contratual;Data de Publicação;Data de Celebração do Contrato;Prazo de Execução;Local de Execução;Fundamentação;Causa de Extinção do Contrato;Data de Fecho do Contrato;Preço Total Efetivo;Causas das Alterações ao Prazo;Causas das Alterações ao Preço;Estado;N.º registo do Acordo Quadro;Descrição do Acordo Quadro;Procedimento Centralizado;Ligação para Peças do Procedimento

﻿Objeto do Contrato;Tipo de Procedimento;Tipo(s) de Contrato;CPVs;Entidade(s) Adjudicante(s);Entidade(s) Adjudicatária(s);Preço Contratual;Data de Publicação;Data de Celebração do Contrato;Prazo de Execução;Local de Execução;Fundamentação;Causa de Extinção do Contrato;Data de Fecho do Contrato;Preço Total Efetivo;Causas das Alterações ao Prazo;Causas das Alterações ao Preço;Estado;N.º registo do Acordo Quadro;Descrição do Acordo Quadro;Procedimento Centralizado;Ligação para Peças do Procedimento

﻿Objeto do Contrato;Tipo de Procedimento;Tipo(s) de Contrato;CPVs;Entidade(s) Adjudicante(s);Entidade(s) Adjudicatária(s);Preço Contratual;Data de Publicação;Data de Celebração do Contrato;Prazo de Execução;Local de Execução;Fundamentação;Causa de Extinção do Contrato;Data de Fecho do Contrato;Preço Total Efetivo;Causas das Alterações ao Prazo;Causas das Alterações ao Preço;Estado;N.º registo do Acordo Quadro;Descrição do Acordo Quadro;Procedimento Centralizado;Ligação para Peças do Procedimento

﻿Objeto do Contrato;Tipo de Procedimento;Tipo(s) de Contrato;CPVs;Entidade(s) Adjudicante(s);Entidade(s) Adjudicatária(s);Preço Contratual;Data de Publicação;Data de Celebração do Contrato;Prazo de Execução;Local de Execução;Fundamentação;Causa de Extinção do Contrato;Data de Fecho do Contrato;Preço Total Efetivo;Causas das Alterações ao Prazo;Causas das Alterações ao Preço;Estado;N.º registo do Acordo Quadro;Descrição do Acordo Quadro;Procedimento Centralizado;Ligação para Peças do Procedimento

﻿Objeto do Contrato;Tipo de Procedimento;Tipo(s) de Contrato;CPVs;Entidade(s) Adjudicante(s);Entidade(s) Adjudicatária(s);Preço Contratual;Data de Publicação;Data de Celebração do Contrato;Prazo de Execução;Local de Execução;Fundamentação;Causa de Extinção do Contrato;Data de Fecho do Contrato;Preço Total Efetivo;Causas das Alterações ao Prazo;Causas das Alterações ao Preço;Estado;N.º registo do Acordo Quadro;Descrição do Acordo Quadro;Procedimento Centralizado;Ligação para Peças do Procedimento

﻿Objeto do Contrato;Tipo de Procedimento;Tipo(s) de Contrato;CPVs;Entidade(s) Adjudicante(s);Entidade(s) Adjudicatária(s);Preço Contratual;Data de Publicação;Data de Celebração do Contrato;Prazo de Execução;Local de Execução;Fundamentação;Causa de Extinção do Contrato;Data de Fecho do Contrato;Preço Total Efetivo;Causas das Alterações ao Prazo;Causas das Alterações ao Preço;Estado;N.º registo do Acordo Quadro;Descrição do Acordo Quadro;Procedimento Centralizado;Ligação para Peças do Procedimento

﻿Objeto do Contrato;Tipo de Procedimento;Tipo(s) de Contrato;CPVs;Entidade(s) Adjudicante(s);Entidade(s) Adjudicatária(s);Preço Contratual;Data de Publicação;Data de Celebração do Contrato;Prazo de Execução;Local de Execução;Fundamentação;Causa de Extinção do Contrato;Data de Fecho do Contrato;Preço Total Efetivo;Causas das Alterações ao Prazo;Causas das Alterações ao Preço;Estado;N.º registo do Acordo Quadro;Descrição do Acordo Quadro;Procedimento Centralizado;Ligação para Peças do Procedimento

﻿Objeto do Contrato;Tipo de Procedimento;Tipo(s) de Contrato;CPVs;Entidade(s) Adjudicante(s);Entidade(s) Adjudicatária(s);Preço Contratual;Data de Publicação;Data de Celebração do Contrato;Prazo de Execução;Local de Execução;Fundamentação;Causa de Extinção do Contrato;Data de Fecho do Contrato;Preço Total Efetivo;Causas das Alterações ao Prazo;Causas das Alterações ao Preço;Estado;N.º registo do Acordo Quadro;Descrição do Acordo Quadro;Procedimento Centralizado;Ligação para Peças do Procedimento

﻿Objeto do Contrato;Tipo de Procedimento;Tipo(s) de Contrato;CPVs;Entidade(s) Adjudicante(s);Entidade(s) Adjudicatária(s);Preço Contratual;Data de Publicação;Data de Celebração do Contrato;Prazo de Execução;Local de Execução;Fundamentação;Causa de Extinção do Contrato;Data de Fecho do Contrato;Preço Total Efetivo;Causas das Alterações ao Prazo;Causas das Alterações ao Preço;Estado;N.º registo do Acordo Quadro;Descrição do Acordo Quadro;Procedimento Centralizado;Ligação para Peças do Procedimento

﻿Objeto do Contrato;Tipo de Procedimento;Tipo(s) de Contrato;CPVs;Entidade(s) Adjudicante(s);Entidade(s) Adjudicatária(s);Preço Contratual;Data de Publicação;Data de Celebração do Contrato;Prazo de Execução;Local de Execução;Fundamentação;Causa de Extinção do Contrato;Data de Fecho do Contrato;Preço Total Efetivo;Causas das Alterações ao Prazo;Causas das Alterações ao Preço;Estado;N.º registo do Acordo Quadro;Descrição do Acordo Quadro;Procedimento Centralizado;Ligação para Peças do Procedimento

﻿Objeto do Contrato;Tipo de Procedimento;Tipo(s) de Contrato;CPVs;Entidade(s) Adjudicante(s);Entidade(s) Adjudicatária(s);Preço Contratual;Data de Publicação;Data de Celebração do Contrato;Prazo de Execução;Local de Execução;Fundamentação;Causa de Extinção do Contrato;Data de Fecho do Contrato;Preço Total Efetivo;Causas das Alterações ao Prazo;Causas das Alterações ao Preço;Estado;N.º registo do Acordo Quadro;Descrição do Acordo Quadro;Procedimento Centralizado;Ligação para Peças do Procedimento

﻿Objeto do Contrato;Tipo de Procedimento;Tipo(s) de Contrato;CPVs;Entidade(s) Adjudicante(s);Entidade(s) Adjudicatária(s);Preço Contratual;Data de Publicação;Data de Celebração do Contrato;Prazo de Execução;Local de Execução;Fundamentação;Causa de Extinção do Contrato;Data de Fecho do Contrato;Preço Total Efetivo;Causas das Alterações ao Prazo;Causas das Alterações ao Preço;Estado;N.º registo do Acordo Quadro;Descrição do Acordo Quadro;Procedimento Centralizado;Ligação para Peças do Procedimento

﻿Objeto do Contrato;Tipo de Procedimento;Tipo(s) de Contrato;CPVs;Entidade(s) Adjudicante(s);Entidade(s) Adjudicatária(s);Preço Contratual;Data de Publicação;Data de Celebração do Contrato;Prazo de Execução;Local de Execução;Fundamentação;Causa de Extinção do Contrato;Data de Fecho do Contrato;Preço Total Efetivo;Causas das Alterações ao Prazo;Causas das Alterações ao Preço;Estado;N.º registo do Acordo Quadro;Descrição do Acordo Quadro;Procedimento Centralizado;Ligação para Peças do Procedimento

﻿Objeto do Contrato;Tipo de Procedimento;Tipo(s) de Contrato;CPVs;Entidade(s) Adjudicante(s);Entidade(s) Adjudicatária(s);Preço Contratual;Data de Publicação;Data de Celebração do Contrato;Prazo de Execução;Local de Execução;Fundamentação;Causa de Extinção do Contrato;Data de Fecho do Contrato;Preço Total Efetivo;Causas das Alterações ao Prazo;Causas das Alterações ao Preço;Estado;N.º registo do Acordo Quadro;Descrição do Acordo Quadro;Procedimento Centralizado;Ligação para Peças do Procedimento

﻿Objeto do Contrato;Tipo de Procedimento;Tipo(s) de Contrato;CPVs;Entidade(s) Adjudicante(s);Entidade(s) Adjudicatária(s);Preço Contratual;Data de Publicação;Data de Celebração do Contrato;Prazo de Execução;Local de Execução;Fundamentação;Causa de Extinção do Contrato;Data de Fecho do Contrato;Preço Total Efetivo;Causas das Alterações ao Prazo;Causas das Alterações ao Preço;Estado;N.º registo do Acordo Quadro;Descrição do Acordo Quadro;Procedimento Centralizado;Ligação para Peças do Procedimento

﻿Objeto do Contrato;Tipo de Procedimento;Tipo(s) de Contrato;CPVs;Entidade(s) Adjudicante(s);Entidade(s) Adjudicatária(s);Preço Contratual;Data de Publicação;Data de Celebração do Contrato;Prazo de Execução;Local de Execução;Fundamentação;Causa de Extinção do Contrato;Data de Fecho do Contrato;Preço Total Efetivo;Causas das Alterações ao Prazo;Causas das Alterações ao Preço;Estado;N.º registo do Acordo Quadro;Descrição do Acordo Quadro;Procedimento Centralizado;Ligação para Peças do Procedimento

﻿Objeto do Contrato;Tipo de Procedimento;Tipo(s) de Contrato;CPVs;Entidade(s) Adjudicante(s);Entidade(s) Adjudicatária(s);Preço Contratual;Data de Publicação;Data de Celebração do Contrato;Prazo de Execução;Local de Execução;Fundamentação;Causa de Extinção do Contrato;Data de Fecho do Contrato;Preço Total Efetivo;Causas das Alterações ao Prazo;Causas das Alterações ao Preço;Estado;N.º registo do Acordo Quadro;Descrição do Acordo Quadro;Procedimento Centralizado;Ligação para Peças do Procedimento

﻿Objeto do Contrato;Tipo de Procedimento;Tipo(s) de Contrato;CPVs;Entidade(s) Adjudicante(s);Entidade(s) Adjudicatária(s);Preço Contratual;Data de Publicação;Data de Celebração do Contrato;Prazo de Execução;Local de Execução;Fundamentação;Causa de Extinção do Contrato;Data de Fecho do Contrato;Preço Total Efetivo;Causas das Alterações ao Prazo;Causas das Alterações ao Preço;Estado;N.º registo do Acordo Quadro;Descrição do Acordo Quadro;Procedimento Centralizado;Ligação para Peças do Procedimento

﻿Objeto do Contrato;Tipo de Procedimento;Tipo(s) de Contrato;CPVs;Entidade(s) Adjudicante(s);Entidade(s) Adjudicatária(s);Preço Contratual;Data de Publicação;Data de Celebração do Contrato;Prazo de Execução;Local de Execução;Fundamentação;Causa de Extinção do Contrato;Data de Fecho do Contrato;Preço Total Efetivo;Causas das Alterações ao Prazo;Causas das Alterações ao Preço;Estado;N.º registo do Acordo Quadro;Descrição do Acordo Quadro;Procedimento Centralizado;Ligação para Peças do Procedimento

﻿Objeto do Contrato;Tipo de Procedimento;Tipo(s) de Contrato;CPVs;Entidade(s) Adjudicante(s);Entidade(s) Adjudicatária(s);Preço Contratual;Data de Publicação;Data de Celebração do Contrato;Prazo de Execução;Local de Execução;Fundamentação;Causa de Extinção do Contrato;Data de Fecho do Contrato;Preço Total Efetivo;Causas das Alterações ao Prazo;Causas das Alterações ao Preço;Estado;N.º registo do Acordo Quadro;Descrição do Acordo Quadro;Procedimento Centralizado;Ligação para Peças do Procedimento

﻿Objeto do Contrato;Tipo de Procedimento;Tipo(s) de Contrato;CPVs;Entidade(s) Adjudicante(s);Entidade(s) Adjudicatária(s);Preço Contratual;Data de Publicação;Data de Celebração do Contrato;Prazo de Execução;Local de Execução;Fundamentação;Causa de Extinção do Contrato;Data de Fecho do Contrato;Preço Total Efetivo;Causas das Alterações ao Prazo;Causas das Alterações ao Preço;Estado;N.º registo do Acordo Quadro;Descrição do Acordo Quadro;Procedimento Centralizado;Ligação para Peças do Procedimento

﻿Objeto do Contrato;Tipo de Procedimento;Tipo(s) de Contrato;CPVs;Entidade(s) Adjudicante(s);Entidade(s) Adjudicatária(s);Preço Contratual;Data de Publicação;Data de Celebração do Contrato;Prazo de Execução;Local de Execução;Fundamentação;Causa de Extinção do Contrato;Data de Fecho do Contrato;Preço Total Efetivo;Causas das Alterações ao Prazo;Causas das Alterações ao Preço;Estado;N.º registo do Acordo Quadro;Descrição do Acordo Quadro;Procedimento Centralizado;Ligação para Peças do Procedimento

﻿Objeto do Contrato;Tipo de Procedimento;Tipo(s) de Contrato;CPVs;Entidade(s) Adjudicante(s);Entidade(s) Adjudicatária(s);Preço Contratual;Data de Publicação;Data de Celebração do Contrato;Prazo de Execução;Local de Execução;Fundamentação;Causa de Extinção do Contrato;Data de Fecho do Contrato;Preço Total Efetivo;Causas das Alterações ao Prazo;Causas das Alterações ao Preço;Estado;N.º registo do Acordo Quadro;Descrição do Acordo Quadro;Procedimento Centralizado;Ligação para Peças do Procedimento

﻿Objeto do Contrato;Tipo de Procedimento;Tipo(s) de Contrato;CPVs;Entidade(s) Adjudicante(s);Entidade(s) Adjudicatária(s);Preço Contratual;Data de Publicação;Data de Celebração do Contrato;Prazo de Execução;Local de Execução;Fundamentação;Causa de Extinção do Contrato;Data de Fecho do Contrato;Preço Total Efetivo;Causas das Alterações ao Prazo;Causas das Alterações ao Preço;Estado;N.º registo do Acordo Quadro;Descrição do Acordo Quadro;Procedimento Centralizado;Ligação para Peças do Procedimento

﻿Objeto do Contrato;Tipo de Procedimento;Tipo(s) de Contrato;CPVs;Entidade(s) Adjudicante(s);Entidade(s) Adjudicatária(s);Preço Contratual;Data de Publicação;Data de Celebração do Contrato;Prazo de Execução;Local de Execução;Fundamentação;Causa de Extinção do Contrato;Data de Fecho do Contrato;Preço Total Efetivo;Causas das Alterações ao Prazo;Causas das Alterações ao Preço;Estado;N.º registo do Acordo Quadro;Descrição do Acordo Quadro;Procedimento Centralizado;Ligação para Peças do Procedimento

﻿Objeto do Contrato;Tipo de Procedimento;Tipo(s) de Contrato;CPVs;Entidade(s) Adjudicante(s);Entidade(s) Adjudicatária(s);Preço Contratual;Data de Publicação;Data de Celebração do Contrato;Prazo de Execução;Local de Execução;Fundamentação;Causa de Extinção do Contrato;Data de Fecho do Contrato;Preço Total Efetivo;Causas das Alterações ao Prazo;Causas das Alterações ao Preço;Estado;N.º registo do Acordo Quadro;Descrição do Acordo Quadro;Procedimento Centralizado;Ligação para Peças do Procedimento

﻿Objeto do Contrato;Tipo de Procedimento;Tipo(s) de Contrato;CPVs;Entidade(s) Adjudicante(s);Entidade(s) Adjudicatária(s);Preço Contratual;Data de Publicação;Data de Celebração do Contrato;Prazo de Execução;Local de Execução;Fundamentação;Causa de Extinção do Contrato;Data de Fecho do Contrato;Preço Total Efetivo;Causas das Alterações ao Prazo;Causas das Alterações ao Preço;Estado;N.º registo do Acordo Quadro;Descrição do Acordo Quadro;Procedimento Centralizado;Ligação para Peças do Procedimento

﻿Objeto do Contrato;Tipo de Procedimento;Tipo(s) de Contrato;CPVs;Entidade(s) Adjudicante(s);Entidade(s) Adjudicatária(s);Preço Contratual;Data de Publicação;Data de Celebração do Contrato;Prazo de Execução;Local de Execução;Fundamentação;Causa de Extinção do Contrato;Data de Fecho do Contrato;Preço Total Efetivo;Causas das Alterações ao Prazo;Causas das Alterações ao Preço;Estado;N.º registo do Acordo Quadro;Descrição do Acordo Quadro;Procedimento Centralizado;Ligação para Peças do Procedimento

﻿Objeto do Contrato;Tipo de Procedimento;Tipo(s) de Contrato;CPVs;Entidade(s) Adjudicante(s);Entidade(s) Adjudicatária(s);Preço Contratual;Data de Publicação;Data de Celebração do Contrato;Prazo de Execução;Local de Execução;Fundamentação;Causa de Extinção do Contrato;Data de Fecho do Contrato;Preço Total Efetivo;Causas das Alterações ao Prazo;Causas das Alterações ao Preço;Estado;N.º registo do Acordo Quadro;Descrição do Acordo Quadro;Procedimento Centralizado;Ligação para Peças do Procedimento

﻿Objeto do Contrato;Tipo de Procedimento;Tipo(s) de Contrato;CPVs;Entidade(s) Adjudicante(s);Entidade(s) Adjudicatária(s);Preço Contratual;Data de Publicação;Data de Celebração do Contrato;Prazo de Execução;Local de Execução;Fundamentação;Causa de Extinção do Contrato;Data de Fecho do Contrato;Preço Total Efetivo;Causas das Alterações ao Prazo;Causas das Alterações ao Preço;Estado;N.º registo do Acordo Quadro;Descrição do Acordo Quadro;Procedimento Centralizado;Ligação para Peças do Procedimento

﻿Objeto do Contrato;Tipo de Procedimento;Tipo(s) de Contrato;CPVs;Entidade(s) Adjudicante(s);Entidade(s) Adjudicatária(s);Preço Contratual;Data de Publicação;Data de Celebração do Contrato;Prazo de Execução;Local de Execução;Fundamentação;Causa de Extinção do Contrato;Data de Fecho do Contrato;Preço Total Efetivo;Causas das Alterações ao Prazo;Causas das Alterações ao Preço;Estado;N.º registo do Acordo Quadro;Descrição do Acordo Quadro;Procedimento Centralizado;Ligação para Peças do Procedimento

﻿Objeto do Contrato;Tipo de Procedimento;Tipo(s) de Contrato;CPVs;Entidade(s) Adjudicante(s);Entidade(s) Adjudicatária(s);Preço Contratual;Data de Publicação;Data de Celebração do Contrato;Prazo de Execução;Local de Execução;Fundamentação;Causa de Extinção do Contrato;Data de Fecho do Contrato;Preço Total Efetivo;Causas das Alterações ao Prazo;Causas das Alterações ao Preço;Estado;N.º registo do Acordo Quadro;Descrição do Acordo Quadro;Procedimento Centralizado;Ligação para Peças do Procedimento

﻿Objeto do Contrato;Tipo de Procedimento;Tipo(s) de Contrato;CPVs;Entidade(s) Adjudicante(s);Entidade(s) Adjudicatária(s);Preço Contratual;Data de Publicação;Data de Celebração do Contrato;Prazo de Execução;Local de Execução;Fundamentação;Causa de Extinção do Contrato;Data de Fecho do Contrato;Preço Total Efetivo;Causas das Alterações ao Prazo;Causas das Alterações ao Preço;Estado;N.º registo do Acordo Quadro;Descrição do Acordo Quadro;Procedimento Centralizado;Ligação para Peças do Procedimento

﻿Objeto do Contrato;Tipo de Procedimento;Tipo(s) de Contrato;CPVs;Entidade(s) Adjudicante(s);Entidade(s) Adjudicatária(s);Preço Contratual;Data de Publicação;Data de Celebração do Contrato;Prazo de Execução;Local de Execução;Fundamentação;Causa de Extinção do Contrato;Data de Fecho do Contrato;Preço Total Efetivo;Causas das Alterações ao Prazo;Causas das Alterações ao Preço;Estado;N.º registo do Acordo Quadro;Descrição do Acordo Quadro;Procedimento Centralizado;Ligação para Peças do Procedimento

﻿Objeto do Contrato;Tipo de Procedimento;Tipo(s) de Contrato;CPVs;Entidade(s) Adjudicante(s);Entidade(s) Adjudicatária(s);Preço Contratual;Data de Publicação;Data de Celebração do Contrato;Prazo de Execução;Local de Execução;Fundamentação;Causa de Extinção do Contrato;Data de Fecho do Contrato;Preço Total Efetivo;Causas das Alterações ao Prazo;Causas das Alterações ao Preço;Estado;N.º registo do Acordo Quadro;Descrição do Acordo Quadro;Procedimento Centralizado;Ligação para Peças do Procedimento

﻿Objeto do Contrato;Tipo de Procedimento;Tipo(s) de Contrato;CPVs;Entidade(s) Adjudicante(s);Entidade(s) Adjudicatária(s);Preço Contratual;Data de Publicação;Data de Celebração do Contrato;Prazo de Execução;Local de Execução;Fundamentação;Causa de Extinção do Contrato;Data de Fecho do Contrato;Preço Total Efetivo;Causas das Alterações ao Prazo;Causas das Alterações ao Preço;Estado;N.º registo do Acordo Quadro;Descrição do Acordo Quadro;Procedimento Centralizado;Ligação para Peças do Procedimento

﻿Objeto do Contrato;Tipo de Procedimento;Tipo(s) de Contrato;CPVs;Entidade(s) Adjudicante(s);Entidade(s) Adjudicatária(s);Preço Contratual;Data de Publicação;Data de Celebração do Contrato;Prazo de Execução;Local de Execução;Fundamentação;Causa de Extinção do Contrato;Data de Fecho do Contrato;Preço Total Efetivo;Causas das Alterações ao Prazo;Causas das Alterações ao Preço;Estado;N.º registo do Acordo Quadro;Descrição do Acordo Quadro;Procedimento Centralizado;Ligação para Peças do Procedimento

﻿Objeto do Contrato;Tipo de Procedimento;Tipo(s) de Contrato;CPVs;Entidade(s) Adjudicante(s);Entidade(s) Adjudicatária(s);Preço Contratual;Data de Publicação;Data de Celebração do Contrato;Prazo de Execução;Local de Execução;Fundamentação;Causa de Extinção do Contrato;Data de Fecho do Contrato;Preço Total Efetivo;Causas das Alterações ao Prazo;Causas das Alterações ao Preço;Estado;N.º registo do Acordo Quadro;Descrição do Acordo Quadro;Procedimento Centralizado;Ligação para Peças do Procedimento

﻿Objeto do Contrato;Tipo de Procedimento;Tipo(s) de Contrato;CPVs;Entidade(s) Adjudicante(s);Entidade(s) Adjudicatária(s);Preço Contratual;Data de Publicação;Data de Celebração do Contrato;Prazo de Execução;Local de Execução;Fundamentação;Causa de Extinção do Contrato;Data de Fecho do Contrato;Preço Total Efetivo;Causas das Alterações ao Prazo;Causas das Alterações ao Preço;Estado;N.º registo do Acordo Quadro;Descrição do Acordo Quadro;Procedimento Centralizado;Ligação para Peças do Procedimento

﻿Objeto do Contrato;Tipo de Procedimento;Tipo(s) de Contrato;CPVs;Entidade(s) Adjudicante(s);Entidade(s) Adjudicatária(s);Preço Contratual;Data de Publicação;Data de Celebração do Contrato;Prazo de Execução;Local de Execução;Fundamentação;Causa de Extinção do Contrato;Data de Fecho do Contrato;Preço Total Efetivo;Causas das Alterações ao Prazo;Causas das Alterações ao Preço;Estado;N.º registo do Acordo Quadro;Descrição do Acordo Quadro;Procedimento Centralizado;Ligação para Peças do Procedimento

﻿Objeto do Contrato;Tipo de Procedimento;Tipo(s) de Contrato;CPVs;Entidade(s) Adjudicante(s);Entidade(s) Adjudicatária(s);Preço Contratual;Data de Publicação;Data de Celebração do Contrato;Prazo de Execução;Local de Execução;Fundamentação;Causa de Extinção do Contrato;Data de Fecho do Contrato;Preço Total Efetivo;Causas das Alterações ao Prazo;Causas das Alterações ao Preço;Estado;N.º registo do Acordo Quadro;Descrição do Acordo Quadro;Procedimento Centralizado;Ligação para Peças do Procedimento

﻿Objeto do Contrato;Tipo de Procedimento;Tipo(s) de Contrato;CPVs;Entidade(s) Adjudicante(s);Entidade(s) Adjudicatária(s);Preço Contratual;Data de Publicação;Data de Celebração do Contrato;Prazo de Execução;Local de Execução;Fundamentação;Causa de Extinção do Contrato;Data de Fecho do Contrato;Preço Total Efetivo;Causas das Alterações ao Prazo;Causas das Alterações ao Preço;Estado;N.º registo do Acordo Quadro;Descrição do Acordo Quadro;Procedimento Centralizado;Ligação para Peças do Procedimento

﻿Objeto do Contrato;Tipo de Procedimento;Tipo(s) de Contrato;CPVs;Entidade(s) Adjudicante(s);Entidade(s) Adjudicatária(s);Preço Contratual;Data de Publicação;Data de Celebração do Contrato;Prazo de Execução;Local de Execução;Fundamentação;Causa de Extinção do Contrato;Data de Fecho do Contrato;Preço Total Efetivo;Causas das Alterações ao Prazo;Causas das Alterações ao Preço;Estado;N.º registo do Acordo Quadro;Descrição do Acordo Quadro;Procedimento Centralizado;Ligação para Peças do Procedimento

﻿Objeto do Contrato;Tipo de Procedimento;Tipo(s) de Contrato;CPVs;Entidade(s) Adjudicante(s);Entidade(s) Adjudicatária(s);Preço Contratual;Data de Publicação;Data de Celebração do Contrato;Prazo de Execução;Local de Execução;Fundamentação;Causa de Extinção do Contrato;Data de Fecho do Contrato;Preço Total Efetivo;Causas das Alterações ao Prazo;Causas das Alterações ao Preço;Estado;N.º registo do Acordo Quadro;Descrição do Acordo Quadro;Procedimento Centralizado;Ligação para Peças do Procedimento

﻿Objeto do Contrato;Tipo de Procedimento;Tipo(s) de Contrato;CPVs;Entidade(s) Adjudicante(s);Entidade(s) Adjudicatária(s);Preço Contratual;Data de Publicação;Data de Celebração do Contrato;Prazo de Execução;Local de Execução;Fundamentação;Causa de Extinção do Contrato;Data de Fecho do Contrato;Preço Total Efetivo;Causas das Alterações ao Prazo;Causas das Alterações ao Preço;Estado;N.º registo do Acordo Quadro;Descrição do Acordo Quadro;Procedimento Centralizado;Ligação para Peças do Procedimento

﻿Objeto do Contrato;Tipo de Procedimento;Tipo(s) de Contrato;CPVs;Entidade(s) Adjudicante(s);Entidade(s) Adjudicatária(s);Preço Contratual;Data de Publicação;Data de Celebração do Contrato;Prazo de Execução;Local de Execução;Fundamentação;Causa de Extinção do Contrato;Data de Fecho do Contrato;Preço Total Efetivo;Causas das Alterações ao Prazo;Causas das Alterações ao Preço;Estado;N.º registo do Acordo Quadro;Descrição do Acordo Quadro;Procedimento Centralizado;Ligação para Peças do Procedimento

﻿Objeto do Contrato;Tipo de Procedimento;Tipo(s) de Contrato;CPVs;Entidade(s) Adjudicante(s);Entidade(s) Adjudicatária(s);Preço Contratual;Data de Publicação;Data de Celebração do Contrato;Prazo de Execução;Local de Execução;Fundamentação;Causa de Extinção do Contrato;Data de Fecho do Contrato;Preço Total Efetivo;Causas das Alterações ao Prazo;Causas das Alterações ao Preço;Estado;N.º registo do Acordo Quadro;Descrição do Acordo Quadro;Procedimento Centralizado;Ligação para Peças do Procedimento

﻿Objeto do Contrato;Tipo de Procedimento;Tipo(s) de Contrato;CPVs;Entidade(s) Adjudicante(s);Entidade(s) Adjudicatária(s);Preço Contratual;Data de Publicação;Data de Celebração do Contrato;Prazo de Execução;Local de Execução;Fundamentação;Causa de Extinção do Contrato;Data de Fecho do Contrato;Preço Total Efetivo;Causas das Alterações ao Prazo;Causas das Alterações ao Preço;Estado;N.º registo do Acordo Quadro;Descrição do Acordo Quadro;Procedimento Centralizado;Ligação para Peças do Procedimento

﻿Objeto do Contrato;Tipo de Procedimento;Tipo(s) de Contrato;CPVs;Entidade(s) Adjudicante(s);Entidade(s) Adjudicatária(s);Preço Contratual;Data de Publicação;Data de Celebração do Contrato;Prazo de Execução;Local de Execução;Fundamentação;Causa de Extinção do Contrato;Data de Fecho do Contrato;Preço Total Efetivo;Causas das Alterações ao Prazo;Causas das Alterações ao Preço;Estado;N.º registo do Acordo Quadro;Descrição do Acordo Quadro;Procedimento Centralizado;Ligação para Peças do Procedimento

﻿Objeto do Contrato;Tipo de Procedimento;Tipo(s) de Contrato;CPVs;Entidade(s) Adjudicante(s);Entidade(s) Adjudicatária(s);Preço Contratual;Data de Publicação;Data de Celebração do Contrato;Prazo de Execução;Local de Execução;Fundamentação;Causa de Extinção do Contrato;Data de Fecho do Contrato;Preço Total Efetivo;Causas das Alterações ao Prazo;Causas das Alterações ao Preço;Estado;N.º registo do Acordo Quadro;Descrição do Acordo Quadro;Procedimento Centralizado;Ligação para Peças do Procedimento

﻿Objeto do Contrato;Tipo de Procedimento;Tipo(s) de Contrato;CPVs;Entidade(s) Adjudicante(s);Entidade(s) Adjudicatária(s);Preço Contratual;Data de Publicação;Data de Celebração do Contrato;Prazo de Execução;Local de Execução;Fundamentação;Causa de Extinção do Contrato;Data de Fecho do Contrato;Preço Total Efetivo;Causas das Alterações ao Prazo;Causas das Alterações ao Preço;Estado;N.º registo do Acordo Quadro;Descrição do Acordo Quadro;Procedimento Centralizado;Ligação para Peças do Procedimento

﻿Objeto do Contrato;Tipo de Procedimento;Tipo(s) de Contrato;CPVs;Entidade(s) Adjudicante(s);Entidade(s) Adjudicatária(s);Preço Contratual;Data de Publicação;Data de Celebração do Contrato;Prazo de Execução;Local de Execução;Fundamentação;Causa de Extinção do Contrato;Data de Fecho do Contrato;Preço Total Efetivo;Causas das Alterações ao Prazo;Causas das Alterações ao Preço;Estado;N.º registo do Acordo Quadro;Descrição do Acordo Quadro;Procedimento Centralizado;Ligação para Peças do Procedimento

﻿Objeto do Contrato;Tipo de Procedimento;Tipo(s) de Contrato;CPVs;Entidade(s) Adjudicante(s);Entidade(s) Adjudicatária(s);Preço Contratual;Data de Publicação;Data de Celebração do Contrato;Prazo de Execução;Local de Execução;Fundamentação;Causa de Extinção do Contrato;Data de Fecho do Contrato;Preço Total Efetivo;Causas das Alterações ao Prazo;Causas das Alterações ao Preço;Estado;N.º registo do Acordo Quadro;Descrição do Acordo Quadro;Procedimento Centralizado;Ligação para Peças do Procedimento

﻿Objeto do Contrato;Tipo de Procedimento;Tipo(s) de Contrato;CPVs;Entidade(s) Adjudicante(s);Entidade(s) Adjudicatária(s);Preço Contratual;Data de Publicação;Data de Celebração do Contrato;Prazo de Execução;Local de Execução;Fundamentação;Causa de Extinção do Contrato;Data de Fecho do Contrato;Preço Total Efetivo;Causas das Alterações ao Prazo;Causas das Alterações ao Preço;Estado;N.º registo do Acordo Quadro;Descrição do Acordo Quadro;Procedimento Centralizado;Ligação para Peças do Procedimento

﻿Objeto do Contrato;Tipo de Procedimento;Tipo(s) de Contrato;CPVs;Entidade(s) Adjudicante(s);Entidade(s) Adjudicatária(s);Preço Contratual;Data de Publicação;Data de Celebração do Contrato;Prazo de Execução;Local de Execução;Fundamentação;Causa de Extinção do Contrato;Data de Fecho do Contrato;Preço Total Efetivo;Causas das Alterações ao Prazo;Causas das Alterações ao Preço;Estado;N.º registo do Acordo Quadro;Descrição do Acordo Quadro;Procedimento Centralizado;Ligação para Peças do Procedimento

﻿Objeto do Contrato;Tipo de Procedimento;Tipo(s) de Contrato;CPVs;Entidade(s) Adjudicante(s);Entidade(s) Adjudicatária(s);Preço Contratual;Data de Publicação;Data de Celebração do Contrato;Prazo de Execução;Local de Execução;Fundamentação;Causa de Extinção do Contrato;Data de Fecho do Contrato;Preço Total Efetivo;Causas das Alterações ao Prazo;Causas das Alterações ao Preço;Estado;N.º registo do Acordo Quadro;Descrição do Acordo Quadro;Procedimento Centralizado;Ligação para Peças do Procedimento

﻿Objeto do Contrato;Tipo de Procedimento;Tipo(s) de Contrato;CPVs;Entidade(s) Adjudicante(s);Entidade(s) Adjudicatária(s);Preço Contratual;Data de Publicação;Data de Celebração do Contrato;Prazo de Execução;Local de Execução;Fundamentação;Causa de Extinção do Contrato;Data de Fecho do Contrato;Preço Total Efetivo;Causas das Alterações ao Prazo;Causas das Alterações ao Preço;Estado;N.º registo do Acordo Quadro;Descrição do Acordo Quadro;Procedimento Centralizado;Ligação para Peças do Procedimento

﻿Objeto do Contrato;Tipo de Procedimento;Tipo(s) de Contrato;CPVs;Entidade(s) Adjudicante(s);Entidade(s) Adjudicatária(s);Preço Contratual;Data de Publicação;Data de Celebração do Contrato;Prazo de Execução;Local de Execução;Fundamentação;Causa de Extinção do Contrato;Data de Fecho do Contrato;Preço Total Efetivo;Causas das Alterações ao Prazo;Causas das Alterações ao Preço;Estado;N.º registo do Acordo Quadro;Descrição do Acordo Quadro;Procedimento Centralizado;Ligação para Peças do Procedimento

﻿Objeto do Contrato;Tipo de Procedimento;Tipo(s) de Contrato;CPVs;Entidade(s) Adjudicante(s);Entidade(s) Adjudicatária(s);Preço Contratual;Data de Publicação;Data de Celebração do Contrato;Prazo de Execução;Local de Execução;Fundamentação;Causa de Extinção do Contrato;Data de Fecho do Contrato;Preço Total Efetivo;Causas das Alterações ao Prazo;Causas das Alterações ao Preço;Estado;N.º registo do Acordo Quadro;Descrição do Acordo Quadro;Procedimento Centralizado;Ligação para Peças do Procedimento

﻿Objeto do Contrato;Tipo de Procedimento;Tipo(s) de Contrato;CPVs;Entidade(s) Adjudicante(s);Entidade(s) Adjudicatária(s);Preço Contratual;Data de Publicação;Data de Celebração do Contrato;Prazo de Execução;Local de Execução;Fundamentação;Causa de Extinção do Contrato;Data de Fecho do Contrato;Preço Total Efetivo;Causas das Alterações ao Prazo;Causas das Alterações ao Preço;Estado;N.º registo do Acordo Quadro;Descrição do Acordo Quadro;Procedimento Centralizado;Ligação para Peças do Procedimento

﻿Objeto do Contrato;Tipo de Procedimento;Tipo(s) de Contrato;CPVs;Entidade(s) Adjudicante(s);Entidade(s) Adjudicatária(s);Preço Contratual;Data de Publicação;Data de Celebração do Contrato;Prazo de Execução;Local de Execução;Fundamentação;Causa de Extinção do Contrato;Data de Fecho do Contrato;Preço Total Efetivo;Causas das Alterações ao Prazo;Causas das Alterações ao Preço;Estado;N.º registo do Acordo Quadro;Descrição do Acordo Quadro;Procedimento Centralizado;Ligação para Peças do Procedimento

﻿Objeto do Contrato;Tipo de Procedimento;Tipo(s) de Contrato;CPVs;Entidade(s) Adjudicante(s);Entidade(s) Adjudicatária(s);Preço Contratual;Data de Publicação;Data de Celebração do Contrato;Prazo de Execução;Local de Execução;Fundamentação;Causa de Extinção do Contrato;Data de Fecho do Contrato;Preço Total Efetivo;Causas das Alterações ao Prazo;Causas das Alterações ao Preço;Estado;N.º registo do Acordo Quadro;Descrição do Acordo Quadro;Procedimento Centralizado;Ligação para Peças do Procedimento

﻿Objeto do Contrato;Tipo de Procedimento;Tipo(s) de Contrato;CPVs;Entidade(s) Adjudicante(s);Entidade(s) Adjudicatária(s);Preço Contratual;Data de Publicação;Data de Celebração do Contrato;Prazo de Execução;Local de Execução;Fundamentação;Causa de Extinção do Contrato;Data de Fecho do Contrato;Preço Total Efetivo;Causas das Alterações ao Prazo;Causas das Alterações ao Preço;Estado;N.º registo do Acordo Quadro;Descrição do Acordo Quadro;Procedimento Centralizado;Ligação para Peças do Procedimento

﻿Objeto do Contrato;Tipo de Procedimento;Tipo(s) de Contrato;CPVs;Entidade(s) Adjudicante(s);Entidade(s) Adjudicatária(s);Preço Contratual;Data de Publicação;Data de Celebração do Contrato;Prazo de Execução;Local de Execução;Fundamentação;Causa de Extinção do Contrato;Data de Fecho do Contrato;Preço Total Efetivo;Causas das Alterações ao Prazo;Causas das Alterações ao Preço;Estado;N.º registo do Acordo Quadro;Descrição do Acordo Quadro;Procedimento Centralizado;Ligação para Peças do Procedimento

﻿Objeto do Contrato;Tipo de Procedimento;Tipo(s) de Contrato;CPVs;Entidade(s) Adjudicante(s);Entidade(s) Adjudicatária(s);Preço Contratual;Data de Publicação;Data de Celebração do Contrato;Prazo de Execução;Local de Execução;Fundamentação;Causa de Extinção do Contrato;Data de Fecho do Contrato;Preço Total Efetivo;Causas das Alterações ao Prazo;Causas das Alterações ao Preço;Estado;N.º registo do Acordo Quadro;Descrição do Acordo Quadro;Procedimento Centralizado;Ligação para Peças do Procedimento

﻿Objeto do Contrato;Tipo de Procedimento;Tipo(s) de Contrato;CPVs;Entidade(s) Adjudicante(s);Entidade(s) Adjudicatária(s);Preço Contratual;Data de Publicação;Data de Celebração do Contrato;Prazo de Execução;Local de Execução;Fundamentação;Causa de Extinção do Contrato;Data de Fecho do Contrato;Preço Total Efetivo;Causas das Alterações ao Prazo;Causas das Alterações ao Preço;Estado;N.º registo do Acordo Quadro;Descrição do Acordo Quadro;Procedimento Centralizado;Ligação para Peças do Procedimento

﻿Objeto do Contrato;Tipo de Procedimento;Tipo(s) de Contrato;CPVs;Entidade(s) Adjudicante(s);Entidade(s) Adjudicatária(s);Preço Contratual;Data de Publicação;Data de Celebração do Contrato;Prazo de Execução;Local de Execução;Fundamentação;Causa de Extinção do Contrato;Data de Fecho do Contrato;Preço Total Efetivo;Causas das Alterações ao Prazo;Causas das Alterações ao Preço;Estado;N.º registo do Acordo Quadro;Descrição do Acordo Quadro;Procedimento Centralizado;Ligação para Peças do Procedimento

﻿Objeto do Contrato;Tipo de Procedimento;Tipo(s) de Contrato;CPVs;Entidade(s) Adjudicante(s);Entidade(s) Adjudicatária(s);Preço Contratual;Data de Publicação;Data de Celebração do Contrato;Prazo de Execução;Local de Execução;Fundamentação;Causa de Extinção do Contrato;Data de Fecho do Contrato;Preço Total Efetivo;Causas das Alterações ao Prazo;Causas das Alterações ao Preço;Estado;N.º registo do Acordo Quadro;Descrição do Acordo Quadro;Procedimento Centralizado;Ligação para Peças do Procedimento

﻿Objeto do Contrato;Tipo de Procedimento;Tipo(s) de Contrato;CPVs;Entidade(s) Adjudicante(s);Entidade(s) Adjudicatária(s);Preço Contratual;Data de Publicação;Data de Celebração do Contrato;Prazo de Execução;Local de Execução;Fundamentação;Causa de Extinção do Contrato;Data de Fecho do Contrato;Preço Total Efetivo;Causas das Alterações ao Prazo;Causas das Alterações ao Preço;Estado;N.º registo do Acordo Quadro;Descrição do Acordo Quadro;Procedimento Centralizado;Ligação para Peças do Procedimento

﻿Objeto do Contrato;Tipo de Procedimento;Tipo(s) de Contrato;CPVs;Entidade(s) Adjudicante(s);Entidade(s) Adjudicatária(s);Preço Contratual;Data de Publicação;Data de Celebração do Contrato;Prazo de Execução;Local de Execução;Fundamentação;Causa de Extinção do Contrato;Data de Fecho do Contrato;Preço Total Efetivo;Causas das Alterações ao Prazo;Causas das Alterações ao Preço;Estado;N.º registo do Acordo Quadro;Descrição do Acordo Quadro;Procedimento Centralizado;Ligação para Peças do Procedimento

﻿Objeto do Contrato;Tipo de Procedimento;Tipo(s) de Contrato;CPVs;Entidade(s) Adjudicante(s);Entidade(s) Adjudicatária(s);Preço Contratual;Data de Publicação;Data de Celebração do Contrato;Prazo de Execução;Local de Execução;Fundamentação;Causa de Extinção do Contrato;Data de Fecho do Contrato;Preço Total Efetivo;Causas das Alterações ao Prazo;Causas das Alterações ao Preço;Estado;N.º registo do Acordo Quadro;Descrição do Acordo Quadro;Procedimento Centralizado;Ligação para Peças do Procedimento

﻿Objeto do Contrato;Tipo de Procedimento;Tipo(s) de Contrato;CPVs;Entidade(s) Adjudicante(s);Entidade(s) Adjudicatária(s);Preço Contratual;Data de Publicação;Data de Celebração do Contrato;Prazo de Execução;Local de Execução;Fundamentação;Causa de Extinção do Contrato;Data de Fecho do Contrato;Preço Total Efetivo;Causas das Alterações ao Prazo;Causas das Alterações ao Preço;Estado;N.º registo do Acordo Quadro;Descrição do Acordo Quadro;Procedimento Centralizado;Ligação para Peças do Procedimento

﻿Objeto do Contrato;Tipo de Procedimento;Tipo(s) de Contrato;CPVs;Entidade(s) Adjudicante(s);Entidade(s) Adjudicatária(s);Preço Contratual;Data de Publicação;Data de Celebração do Contrato;Prazo de Execução;Local de Execução;Fundamentação;Causa de Extinção do Contrato;Data de Fecho do Contrato;Preço Total Efetivo;Causas das Alterações ao Prazo;Causas das Alterações ao Preço;Estado;N.º registo do Acordo Quadro;Descrição do Acordo Quadro;Procedimento Centralizado;Ligação para Peças do Procedimento

﻿Objeto do Contrato;Tipo de Procedimento;Tipo(s) de Contrato;CPVs;Entidade(s) Adjudicante(s);Entidade(s) Adjudicatária(s);Preço Contratual;Data de Publicação;Data de Celebração do Contrato;Prazo de Execução;Local de Execução;Fundamentação;Causa de Extinção do Contrato;Data de Fecho do Contrato;Preço Total Efetivo;Causas das Alterações ao Prazo;Causas das Alterações ao Preço;Estado;N.º registo do Acordo Quadro;Descrição do Acordo Quadro;Procedimento Centralizado;Ligação para Peças do Procedimento

﻿Objeto do Contrato;Tipo de Procedimento;Tipo(s) de Contrato;CPVs;Entidade(s) Adjudicante(s);Entidade(s) Adjudicatária(s);Preço Contratual;Data de Publicação;Data de Celebração do Contrato;Prazo de Execução;Local de Execução;Fundamentação;Causa de Extinção do Contrato;Data de Fecho do Contrato;Preço Total Efetivo;Causas das Alterações ao Prazo;Causas das Alterações ao Preço;Estado;N.º registo do Acordo Quadro;Descrição do Acordo Quadro;Procedimento Centralizado;Ligação para Peças do Procedimento

﻿Objeto do Contrato;Tipo de Procedimento;Tipo(s) de Contrato;CPVs;Entidade(s) Adjudicante(s);Entidade(s) Adjudicatária(s);Preço Contratual;Data de Publicação;Data de Celebração do Contrato;Prazo de Execução;Local de Execução;Fundamentação;Causa de Extinção do Contrato;Data de Fecho do Contrato;Preço Total Efetivo;Causas das Alterações ao Prazo;Causas das Alterações ao Preço;Estado;N.º registo do Acordo Quadro;Descrição do Acordo Quadro;Procedimento Centralizado;Ligação para Peças do Procedimento

﻿Objeto do Contrato;Tipo de Procedimento;Tipo(s) de Contrato;CPVs;Entidade(s) Adjudicante(s);Entidade(s) Adjudicatária(s);Preço Contratual;Data de Publicação;Data de Celebração do Contrato;Prazo de Execução;Local de Execução;Fundamentação;Causa de Extinção do Contrato;Data de Fecho do Contrato;Preço Total Efetivo;Causas das Alterações ao Prazo;Causas das Alterações ao Preço;Estado;N.º registo do Acordo Quadro;Descrição do Acordo Quadro;Procedimento Centralizado;Ligação para Peças do Procedimento

﻿Objeto do Contrato;Tipo de Procedimento;Tipo(s) de Contrato;CPVs;Entidade(s) Adjudicante(s);Entidade(s) Adjudicatária(s);Preço Contratual;Data de Publicação;Data de Celebração do Contrato;Prazo de Execução;Local de Execução;Fundamentação;Causa de Extinção do Contrato;Data de Fecho do Contrato;Preço Total Efetivo;Causas das Alterações ao Prazo;Causas das Alterações ao Preço;Estado;N.º registo do Acordo Quadro;Descrição do Acordo Quadro;Procedimento Centralizado;Ligação para Peças do Procedimento

﻿Objeto do Contrato;Tipo de Procedimento;Tipo(s) de Contrato;CPVs;Entidade(s) Adjudicante(s);Entidade(s) Adjudicatária(s);Preço Contratual;Data de Publicação;Data de Celebração do Contrato;Prazo de Execução;Local de Execução;Fundamentação;Causa de Extinção do Contrato;Data de Fecho do Contrato;Preço Total Efetivo;Causas das Alterações ao Prazo;Causas das Alterações ao Preço;Estado;N.º registo do Acordo Quadro;Descrição do Acordo Quadro;Procedimento Centralizado;Ligação para Peças do Procedimento

﻿Objeto do Contrato;Tipo de Procedimento;Tipo(s) de Contrato;CPVs;Entidade(s) Adjudicante(s);Entidade(s) Adjudicatária(s);Preço Contratual;Data de Publicação;Data de Celebração do Contrato;Prazo de Execução;Local de Execução;Fundamentação;Causa de Extinção do Contrato;Data de Fecho do Contrato;Preço Total Efetivo;Causas das Alterações ao Prazo;Causas das Alterações ao Preço;Estado;N.º registo do Acordo Quadro;Descrição do Acordo Quadro;Procedimento Centralizado;Ligação para Peças do Procedimento

﻿Objeto do Contrato;Tipo de Procedimento;Tipo(s) de Contrato;CPVs;Entidade(s) Adjudicante(s);Entidade(s) Adjudicatária(s);Preço Contratual;Data de Publicação;Data de Celebração do Contrato;Prazo de Execução;Local de Execução;Fundamentação;Causa de Extinção do Contrato;Data de Fecho do Contrato;Preço Total Efetivo;Causas das Alterações ao Prazo;Causas das Alterações ao Preço;Estado;N.º registo do Acordo Quadro;Descrição do Acordo Quadro;Procedimento Centralizado;Ligação para Peças do Procedimento

﻿Objeto do Contrato;Tipo de Procedimento;Tipo(s) de Contrato;CPVs;Entidade(s) Adjudicante(s);Entidade(s) Adjudicatária(s);Preço Contratual;Data de Publicação;Data de Celebração do Contrato;Prazo de Execução;Local de Execução;Fundamentação;Causa de Extinção do Contrato;Data de Fecho do Contrato;Preço Total Efetivo;Causas das Alterações ao Prazo;Causas das Alterações ao Preço;Estado;N.º registo do Acordo Quadro;Descrição do Acordo Quadro;Procedimento Centralizado;Ligação para Peças do Procedimento

﻿Objeto do Contrato;Tipo de Procedimento;Tipo(s) de Contrato;CPVs;Entidade(s) Adjudicante(s);Entidade(s) Adjudicatária(s);Preço Contratual;Data de Publicação;Data de Celebração do Contrato;Prazo de Execução;Local de Execução;Fundamentação;Causa de Extinção do Contrato;Data de Fecho do Contrato;Preço Total Efetivo;Causas das Alterações ao Prazo;Causas das Alterações ao Preço;Estado;N.º registo do Acordo Quadro;Descrição do Acordo Quadro;Procedimento Centralizado;Ligação para Peças do Procedimento

﻿Objeto do Contrato;Tipo de Procedimento;Tipo(s) de Contrato;CPVs;Entidade(s) Adjudicante(s);Entidade(s) Adjudicatária(s);Preço Contratual;Data de Publicação;Data de Celebração do Contrato;Prazo de Execução;Local de Execução;Fundamentação;Causa de Extinção do Contrato;Data de Fecho do Contrato;Preço Total Efetivo;Causas das Alterações ao Prazo;Causas das Alterações ao Preço;Estado;N.º registo do Acordo Quadro;Descrição do Acordo Quadro;Procedimento Centralizado;Ligação para Peças do Procedimento

﻿Objeto do Contrato;Tipo de Procedimento;Tipo(s) de Contrato;CPVs;Entidade(s) Adjudicante(s);Entidade(s) Adjudicatária(s);Preço Contratual;Data de Publicação;Data de Celebração do Contrato;Prazo de Execução;Local de Execução;Fundamentação;Causa de Extinção do Contrato;Data de Fecho do Contrato;Preço Total Efetivo;Causas das Alterações ao Prazo;Causas das Alterações ao Preço;Estado;N.º registo do Acordo Quadro;Descrição do Acordo Quadro;Procedimento Centralizado;Ligação para Peças do Procedimento

﻿Objeto do Contrato;Tipo de Procedimento;Tipo(s) de Contrato;CPVs;Entidade(s) Adjudicante(s);Entidade(s) Adjudicatária(s);Preço Contratual;Data de Publicação;Data de Celebração do Contrato;Prazo de Execução;Local de Execução;Fundamentação;Causa de Extinção do Contrato;Data de Fecho do Contrato;Preço Total Efetivo;Causas das Alterações ao Prazo;Causas das Alterações ao Preço;Estado;N.º registo do Acordo Quadro;Descrição do Acordo Quadro;Procedimento Centralizado;Ligação para Peças do Procedimento

﻿Objeto do Contrato;Tipo de Procedimento;Tipo(s) de Contrato;CPVs;Entidade(s) Adjudicante(s);Entidade(s) Adjudicatária(s);Preço Contratual;Data de Publicação;Data de Celebração do Contrato;Prazo de Execução;Local de Execução;Fundamentação;Causa de Extinção do Contrato;Data de Fecho do Contrato;Preço Total Efetivo;Causas das Alterações ao Prazo;Causas das Alterações ao Preço;Estado;N.º registo do Acordo Quadro;Descrição do Acordo Quadro;Procedimento Centralizado;Ligação para Peças do Procedimento

﻿Objeto do Contrato;Tipo de Procedimento;Tipo(s) de Contrato;CPVs;Entidade(s) Adjudicante(s);Entidade(s) Adjudicatária(s);Preço Contratual;Data de Publicação;Data de Celebração do Contrato;Prazo de Execução;Local de Execução;Fundamentação;Causa de Extinção do Contrato;Data de Fecho do Contrato;Preço Total Efetivo;Causas das Alterações ao Prazo;Causas das Alterações ao Preço;Estado;N.º registo do Acordo Quadro;Descrição do Acordo Quadro;Procedimento Centralizado;Ligação para Peças do Procedimento

﻿Objeto do Contrato;Tipo de Procedimento;Tipo(s) de Contrato;CPVs;Entidade(s) Adjudicante(s);Entidade(s) Adjudicatária(s);Preço Contratual;Data de Publicação;Data de Celebração do Contrato;Prazo de Execução;Local de Execução;Fundamentação;Causa de Extinção do Contrato;Data de Fecho do Contrato;Preço Total Efetivo;Causas das Alterações ao Prazo;Causas das Alterações ao Preço;Estado;N.º registo do Acordo Quadro;Descrição do Acordo Quadro;Procedimento Centralizado;Ligação para Peças do Procedimento

﻿Objeto do Contrato;Tipo de Procedimento;Tipo(s) de Contrato;CPVs;Entidade(s) Adjudicante(s);Entidade(s) Adjudicatária(s);Preço Contratual;Data de Publicação;Data de Celebração do Contrato;Prazo de Execução;Local de Execução;Fundamentação;Causa de Extinção do Contrato;Data de Fecho do Contrato;Preço Total Efetivo;Causas das Alterações ao Prazo;Causas das Alterações ao Preço;Estado;N.º registo do Acordo Quadro;Descrição do Acordo Quadro;Procedimento Centralizado;Ligação para Peças do Procedimento

﻿Objeto do Contrato;Tipo de Procedimento;Tipo(s) de Contrato;CPVs;Entidade(s) Adjudicante(s);Entidade(s) Adjudicatária(s);Preço Contratual;Data de Publicação;Data de Celebração do Contrato;Prazo de Execução;Local de Execução;Fundamentação;Causa de Extinção do Contrato;Data de Fecho do Contrato;Preço Total Efetivo;Causas das Alterações ao Prazo;Causas das Alterações ao Preço;Estado;N.º registo do Acordo Quadro;Descrição do Acordo Quadro;Procedimento Centralizado;Ligação para Peças do Procedimento

﻿Objeto do Contrato;Tipo de Procedimento;Tipo(s) de Contrato;CPVs;Entidade(s) Adjudicante(s);Entidade(s) Adjudicatária(s);Preço Contratual;Data de Publicação;Data de Celebração do Contrato;Prazo de Execução;Local de Execução;Fundamentação;Causa de Extinção do Contrato;Data de Fecho do Contrato;Preço Total Efetivo;Causas das Alterações ao Prazo;Causas das Alterações ao Preço;Estado;N.º registo do Acordo Quadro;Descrição do Acordo Quadro;Procedimento Centralizado;Ligação para Peças do Procedimento

﻿Objeto do Contrato;Tipo de Procedimento;Tipo(s) de Contrato;CPVs;Entidade(s) Adjudicante(s);Entidade(s) Adjudicatária(s);Preço Contratual;Data de Publicação;Data de Celebração do Contrato;Prazo de Execução;Local de Execução;Fundamentação;Causa de Extinção do Contrato;Data de Fecho do Contrato;Preço Total Efetivo;Causas das Alterações ao Prazo;Causas das Alterações ao Preço;Estado;N.º registo do Acordo Quadro;Descrição do Acordo Quadro;Procedimento Centralizado;Ligação para Peças do Procedimento

﻿Objeto do Contrato;Tipo de Procedimento;Tipo(s) de Contrato;CPVs;Entidade(s) Adjudicante(s);Entidade(s) Adjudicatária(s);Preço Contratual;Data de Publicação;Data de Celebração do Contrato;Prazo de Execução;Local de Execução;Fundamentação;Causa de Extinção do Contrato;Data de Fecho do Contrato;Preço Total Efetivo;Causas das Alterações ao Prazo;Causas das Alterações ao Preço;Estado;N.º registo do Acordo Quadro;Descrição do Acordo Quadro;Procedimento Centralizado;Ligação para Peças do Procedimento

﻿Objeto do Contrato;Tipo de Procedimento;Tipo(s) de Contrato;CPVs;Entidade(s) Adjudicante(s);Entidade(s) Adjudicatária(s);Preço Contratual;Data de Publicação;Data de Celebração do Contrato;Prazo de Execução;Local de Execução;Fundamentação;Causa de Extinção do Contrato;Data de Fecho do Contrato;Preço Total Efetivo;Causas das Alterações ao Prazo;Causas das Alterações ao Preço;Estado;N.º registo do Acordo Quadro;Descrição do Acordo Quadro;Procedimento Centralizado;Ligação para Peças do Procedimento

﻿Objeto do Contrato;Tipo de Procedimento;Tipo(s) de Contrato;CPVs;Entidade(s) Adjudicante(s);Entidade(s) Adjudicatária(s);Preço Contratual;Data de Publicação;Data de Celebração do Contrato;Prazo de Execução;Local de Execução;Fundamentação;Causa de Extinção do Contrato;Data de Fecho do Contrato;Preço Total Efetivo;Causas das Alterações ao Prazo;Causas das Alterações ao Preço;Estado;N.º registo do Acordo Quadro;Descrição do Acordo Quadro;Procedimento Centralizado;Ligação para Peças do Procedimento

﻿Objeto do Contrato;Tipo de Procedimento;Tipo(s) de Contrato;CPVs;Entidade(s) Adjudicante(s);Entidade(s) Adjudicatária(s);Preço Contratual;Data de Publicação;Data de Celebração do Contrato;Prazo de Execução;Local de Execução;Fundamentação;Causa de Extinção do Contrato;Data de Fecho do Contrato;Preço Total Efetivo;Causas das Alterações ao Prazo;Causas das Alterações ao Preço;Estado;N.º registo do Acordo Quadro;Descrição do Acordo Quadro;Procedimento Centralizado;Ligação para Peças do Procedimento

﻿Objeto do Contrato;Tipo de Procedimento;Tipo(s) de Contrato;CPVs;Entidade(s) Adjudicante(s);Entidade(s) Adjudicatária(s);Preço Contratual;Data de Publicação;Data de Celebração do Contrato;Prazo de Execução;Local de Execução;Fundamentação;Causa de Extinção do Contrato;Data de Fecho do Contrato;Preço Total Efetivo;Causas das Alterações ao Prazo;Causas das Alterações ao Preço;Estado;N.º registo do Acordo Quadro;Descrição do Acordo Quadro;Procedimento Centralizado;Ligação para Peças do Procedimento

﻿Objeto do Contrato;Tipo de Procedimento;Tipo(s) de Contrato;CPVs;Entidade(s) Adjudicante(s);Entidade(s) Adjudicatária(s);Preço Contratual;Data de Publicação;Data de Celebração do Contrato;Prazo de Execução;Local de Execução;Fundamentação;Causa de Extinção do Contrato;Data de Fecho do Contrato;Preço Total Efetivo;Causas das Alterações ao Prazo;Causas das Alterações ao Preço;Estado;N.º registo do Acordo Quadro;Descrição do Acordo Quadro;Procedimento Centralizado;Ligação para Peças do Procedimento

﻿Objeto do Contrato;Tipo de Procedimento;Tipo(s) de Contrato;CPVs;Entidade(s) Adjudicante(s);Entidade(s) Adjudicatária(s);Preço Contratual;Data de Publicação;Data de Celebração do Contrato;Prazo de Execução;Local de Execução;Fundamentação;Causa de Extinção do Contrato;Data de Fecho do Contrato;Preço Total Efetivo;Causas das Alterações ao Prazo;Causas das Alterações ao Preço;Estado;N.º registo do Acordo Quadro;Descrição do Acordo Quadro;Procedimento Centralizado;Ligação para Peças do Procedimento

﻿Objeto do Contrato;Tipo de Procedimento;Tipo(s) de Contrato;CPVs;Entidade(s) Adjudicante(s);Entidade(s) Adjudicatária(s);Preço Contratual;Data de Publicação;Data de Celebração do Contrato;Prazo de Execução;Local de Execução;Fundamentação;Causa de Extinção do Contrato;Data de Fecho do Contrato;Preço Total Efetivo;Causas das Alterações ao Prazo;Causas das Alterações ao Preço;Estado;N.º registo do Acordo Quadro;Descrição do Acordo Quadro;Procedimento Centralizado;Ligação para Peças do Procedimento

﻿Objeto do Contrato;Tipo de Procedimento;Tipo(s) de Contrato;CPVs;Entidade(s) Adjudicante(s);Entidade(s) Adjudicatária(s);Preço Contratual;Data de Publicação;Data de Celebração do Contrato;Prazo de Execução;Local de Execução;Fundamentação;Causa de Extinção do Contrato;Data de Fecho do Contrato;Preço Total Efetivo;Causas das Alterações ao Prazo;Causas das Alterações ao Preço;Estado;N.º registo do Acordo Quadro;Descrição do Acordo Quadro;Procedimento Centralizado;Ligação para Peças do Procedimento

﻿Objeto do Contrato;Tipo de Procedimento;Tipo(s) de Contrato;CPVs;Entidade(s) Adjudicante(s);Entidade(s) Adjudicatária(s);Preço Contratual;Data de Publicação;Data de Celebração do Contrato;Prazo de Execução;Local de Execução;Fundamentação;Causa de Extinção do Contrato;Data de Fecho do Contrato;Preço Total Efetivo;Causas das Alterações ao Prazo;Causas das Alterações ao Preço;Estado;N.º registo do Acordo Quadro;Descrição do Acordo Quadro;Procedimento Centralizado;Ligação para Peças do Procedimento

﻿Objeto do Contrato;Tipo de Procedimento;Tipo(s) de Contrato;CPVs;Entidade(s) Adjudicante(s);Entidade(s) Adjudicatária(s);Preço Contratual;Data de Publicação;Data de Celebração do Contrato;Prazo de Execução;Local de Execução;Fundamentação;Causa de Extinção do Contrato;Data de Fecho do Contrato;Preço Total Efetivo;Causas das Alterações ao Prazo;Causas das Alterações ao Preço;Estado;N.º registo do Acordo Quadro;Descrição do Acordo Quadro;Procedimento Centralizado;Ligação para Peças do Procedimento

﻿Objeto do Contrato;Tipo de Procedimento;Tipo(s) de Contrato;CPVs;Entidade(s) Adjudicante(s);Entidade(s) Adjudicatária(s);Preço Contratual;Data de Publicação;Data de Celebração do Contrato;Prazo de Execução;Local de Execução;Fundamentação;Causa de Extinção do Contrato;Data de Fecho do Contrato;Preço Total Efetivo;Causas das Alterações ao Prazo;Causas das Alterações ao Preço;Estado;N.º registo do Acordo Quadro;Descrição do Acordo Quadro;Procedimento Centralizado;Ligação para Peças do Procedimento

﻿Objeto do Contrato;Tipo de Procedimento;Tipo(s) de Contrato;CPVs;Entidade(s) Adjudicante(s);Entidade(s) Adjudicatária(s);Preço Contratual;Data de Publicação;Data de Celebração do Contrato;Prazo de Execução;Local de Execução;Fundamentação;Causa de Extinção do Contrato;Data de Fecho do Contrato;Preço Total Efetivo;Causas das Alterações ao Prazo;Causas das Alterações ao Preço;Estado;N.º registo do Acordo Quadro;Descrição do Acordo Quadro;Procedimento Centralizado;Ligação para Peças do Procedimento

﻿Objeto do Contrato;Tipo de Procedimento;Tipo(s) de Contrato;CPVs;Entidade(s) Adjudicante(s);Entidade(s) Adjudicatária(s);Preço Contratual;Data de Publicação;Data de Celebração do Contrato;Prazo de Execução;Local de Execução;Fundamentação;Causa de Extinção do Contrato;Data de Fecho do Contrato;Preço Total Efetivo;Causas das Alterações ao Prazo;Causas das Alterações ao Preço;Estado;N.º registo do Acordo Quadro;Descrição do Acordo Quadro;Procedimento Centralizado;Ligação para Peças do Procedimento

﻿Objeto do Contrato;Tipo de Procedimento;Tipo(s) de Contrato;CPVs;Entidade(s) Adjudicante(s);Entidade(s) Adjudicatária(s);Preço Contratual;Data de Publicação;Data de Celebração do Contrato;Prazo de Execução;Local de Execução;Fundamentação;Causa de Extinção do Contrato;Data de Fecho do Contrato;Preço Total Efetivo;Causas das Alterações ao Prazo;Causas das Alterações ao Preço;Estado;N.º registo do Acordo Quadro;Descrição do Acordo Quadro;Procedimento Centralizado;Ligação para Peças do Procedimento

﻿Objeto do Contrato;Tipo de Procedimento;Tipo(s) de Contrato;CPVs;Entidade(s) Adjudicante(s);Entidade(s) Adjudicatária(s);Preço Contratual;Data de Publicação;Data de Celebração do Contrato;Prazo de Execução;Local de Execução;Fundamentação;Causa de Extinção do Contrato;Data de Fecho do Contrato;Preço Total Efetivo;Causas das Alterações ao Prazo;Causas das Alterações ao Preço;Estado;N.º registo do Acordo Quadro;Descrição do Acordo Quadro;Procedimento Centralizado;Ligação para Peças do Procedimento

﻿Objeto do Contrato;Tipo de Procedimento;Tipo(s) de Contrato;CPVs;Entidade(s) Adjudicante(s);Entidade(s) Adjudicatária(s);Preço Contratual;Data de Publicação;Data de Celebração do Contrato;Prazo de Execução;Local de Execução;Fundamentação;Causa de Extinção do Contrato;Data de Fecho do Contrato;Preço Total Efetivo;Causas das Alterações ao Prazo;Causas das Alterações ao Preço;Estado;N.º registo do Acordo Quadro;Descrição do Acordo Quadro;Procedimento Centralizado;Ligação para Peças do Procedimento

﻿Objeto do Contrato;Tipo de Procedimento;Tipo(s) de Contrato;CPVs;Entidade(s) Adjudicante(s);Entidade(s) Adjudicatária(s);Preço Contratual;Data de Publicação;Data de Celebração do Contrato;Prazo de Execução;Local de Execução;Fundamentação;Causa de Extinção do Contrato;Data de Fecho do Contrato;Preço Total Efetivo;Causas das Alterações ao Prazo;Causas das Alterações ao Preço;Estado;N.º registo do Acordo Quadro;Descrição do Acordo Quadro;Procedimento Centralizado;Ligação para Peças do Procedimento

﻿Objeto do Contrato;Tipo de Procedimento;Tipo(s) de Contrato;CPVs;Entidade(s) Adjudicante(s);Entidade(s) Adjudicatária(s);Preço Contratual;Data de Publicação;Data de Celebração do Contrato;Prazo de Execução;Local de Execução;Fundamentação;Causa de Extinção do Contrato;Data de Fecho do Contrato;Preço Total Efetivo;Causas das Alterações ao Prazo;Causas das Alterações ao Preço;Estado;N.º registo do Acordo Quadro;Descrição do Acordo Quadro;Procedimento Centralizado;Ligação para Peças do Procedimento

﻿Objeto do Contrato;Tipo de Procedimento;Tipo(s) de Contrato;CPVs;Entidade(s) Adjudicante(s);Entidade(s) Adjudicatária(s);Preço Contratual;Data de Publicação;Data de Celebração do Contrato;Prazo de Execução;Local de Execução;Fundamentação;Causa de Extinção do Contrato;Data de Fecho do Contrato;Preço Total Efetivo;Causas das Alterações ao Prazo;Causas das Alterações ao Preço;Estado;N.º registo do Acordo Quadro;Descrição do Acordo Quadro;Procedimento Centralizado;Ligação para Peças do Procedimento

﻿Objeto do Contrato;Tipo de Procedimento;Tipo(s) de Contrato;CPVs;Entidade(s) Adjudicante(s);Entidade(s) Adjudicatária(s);Preço Contratual;Data de Publicação;Data de Celebração do Contrato;Prazo de Execução;Local de Execução;Fundamentação;Causa de Extinção do Contrato;Data de Fecho do Contrato;Preço Total Efetivo;Causas das Alterações ao Prazo;Causas das Alterações ao Preço;Estado;N.º registo do Acordo Quadro;Descrição do Acordo Quadro;Procedimento Centralizado;Ligação para Peças do Procedimento

﻿Objeto do Contrato;Tipo de Procedimento;Tipo(s) de Contrato;CPVs;Entidade(s) Adjudicante(s);Entidade(s) Adjudicatária(s);Preço Contratual;Data de Publicação;Data de Celebração do Contrato;Prazo de Execução;Local de Execução;Fundamentação;Causa de Extinção do Contrato;Data de Fecho do Contrato;Preço Total Efetivo;Causas das Alterações ao Prazo;Causas das Alterações ao Preço;Estado;N.º registo do Acordo Quadro;Descrição do Acordo Quadro;Procedimento Centralizado;Ligação para Peças do Procedimento

﻿Objeto do Contrato;Tipo de Procedimento;Tipo(s) de Contrato;CPVs;Entidade(s) Adjudicante(s);Entidade(s) Adjudicatária(s);Preço Contratual;Data de Publicação;Data de Celebração do Contrato;Prazo de Execução;Local de Execução;Fundamentação;Causa de Extinção do Contrato;Data de Fecho do Contrato;Preço Total Efetivo;Causas das Alterações ao Prazo;Causas das Alterações ao Preço;Estado;N.º registo do Acordo Quadro;Descrição do Acordo Quadro;Procedimento Centralizado;Ligação para Peças do Procedimento

﻿Objeto do Contrato;Tipo de Procedimento;Tipo(s) de Contrato;CPVs;Entidade(s) Adjudicante(s);Entidade(s) Adjudicatária(s);Preço Contratual;Data de Publicação;Data de Celebração do Contrato;Prazo de Execução;Local de Execução;Fundamentação;Causa de Extinção do Contrato;Data de Fecho do Contrato;Preço Total Efetivo;Causas das Alterações ao Prazo;Causas das Alterações ao Preço;Estado;N.º registo do Acordo Quadro;Descrição do Acordo Quadro;Procedimento Centralizado;Ligação para Peças do Procedimento

﻿Objeto do Contrato;Tipo de Procedimento;Tipo(s) de Contrato;CPVs;Entidade(s) Adjudicante(s);Entidade(s) Adjudicatária(s);Preço Contratual;Data de Publicação;Data de Celebração do Contrato;Prazo de Execução;Local de Execução;Fundamentação;Causa de Extinção do Contrato;Data de Fecho do Contrato;Preço Total Efetivo;Causas das Alterações ao Prazo;Causas das Alterações ao Preço;Estado;N.º registo do Acordo Quadro;Descrição do Acordo Quadro;Procedimento Centralizado;Ligação para Peças do Procedimento

﻿Objeto do Contrato;Tipo de Procedimento;Tipo(s) de Contrato;CPVs;Entidade(s) Adjudicante(s);Entidade(s) Adjudicatária(s);Preço Contratual;Data de Publicação;Data de Celebração do Contrato;Prazo de Execução;Local de Execução;Fundamentação;Causa de Extinção do Contrato;Data de Fecho do Contrato;Preço Total Efetivo;Causas das Alterações ao Prazo;Causas das Alterações ao Preço;Estado;N.º registo do Acordo Quadro;Descrição do Acordo Quadro;Procedimento Centralizado;Ligação para Peças do Procedimento

﻿Objeto do Contrato;Tipo de Procedimento;Tipo(s) de Contrato;CPVs;Entidade(s) Adjudicante(s);Entidade(s) Adjudicatária(s);Preço Contratual;Data de Publicação;Data de Celebração do Contrato;Prazo de Execução;Local de Execução;Fundamentação;Causa de Extinção do Contrato;Data de Fecho do Contrato;Preço Total Efetivo;Causas das Alterações ao Prazo;Causas das Alterações ao Preço;Estado;N.º registo do Acordo Quadro;Descrição do Acordo Quadro;Procedimento Centralizado;Ligação para Peças do Procedimento

﻿Objeto do Contrato;Tipo de Procedimento;Tipo(s) de Contrato;CPVs;Entidade(s) Adjudicante(s);Entidade(s) Adjudicatária(s);Preço Contratual;Data de Publicação;Data de Celebração do Contrato;Prazo de Execução;Local de Execução;Fundamentação;Causa de Extinção do Contrato;Data de Fecho do Contrato;Preço Total Efetivo;Causas das Alterações ao Prazo;Causas das Alterações ao Preço;Estado;N.º registo do Acordo Quadro;Descrição do Acordo Quadro;Procedimento Centralizado;Ligação para Peças do Procedimento

﻿Objeto do Contrato;Tipo de Procedimento;Tipo(s) de Contrato;CPVs;Entidade(s) Adjudicante(s);Entidade(s) Adjudicatária(s);Preço Contratual;Data de Publicação;Data de Celebração do Contrato;Prazo de Execução;Local de Execução;Fundamentação;Causa de Extinção do Contrato;Data de Fecho do Contrato;Preço Total Efetivo;Causas das Alterações ao Prazo;Causas das Alterações ao Preço;Estado;N.º registo do Acordo Quadro;Descrição do Acordo Quadro;Procedimento Centralizado;Ligação para Peças do Procedimento

﻿Objeto do Contrato;Tipo de Procedimento;Tipo(s) de Contrato;CPVs;Entidade(s) Adjudicante(s);Entidade(s) Adjudicatária(s);Preço Contratual;Data de Publicação;Data de Celebração do Contrato;Prazo de Execução;Local de Execução;Fundamentação;Causa de Extinção do Contrato;Data de Fecho do Contrato;Preço Total Efetivo;Causas das Alterações ao Prazo;Causas das Alterações ao Preço;Estado;N.º registo do Acordo Quadro;Descrição do Acordo Quadro;Procedimento Centralizado;Ligação para Peças do Procedimento

﻿Objeto do Contrato;Tipo de Procedimento;Tipo(s) de Contrato;CPVs;Entidade(s) Adjudicante(s);Entidade(s) Adjudicatária(s);Preço Contratual;Data de Publicação;Data de Celebração do Contrato;Prazo de Execução;Local de Execução;Fundamentação;Causa de Extinção do Contrato;Data de Fecho do Contrato;Preço Total Efetivo;Causas das Alterações ao Prazo;Causas das Alterações ao Preço;Estado;N.º registo do Acordo Quadro;Descrição do Acordo Quadro;Procedimento Centralizado;Ligação para Peças do Procedimento

﻿Objeto do Contrato;Tipo de Procedimento;Tipo(s) de Contrato;CPVs;Entidade(s) Adjudicante(s);Entidade(s) Adjudicatária(s);Preço Contratual;Data de Publicação;Data de Celebração do Contrato;Prazo de Execução;Local de Execução;Fundamentação;Causa de Extinção do Contrato;Data de Fecho do Contrato;Preço Total Efetivo;Causas das Alterações ao Prazo;Causas das Alterações ao Preço;Estado;N.º registo do Acordo Quadro;Descrição do Acordo Quadro;Procedimento Centralizado;Ligação para Peças do Procedimento

﻿Objeto do Contrato;Tipo de Procedimento;Tipo(s) de Contrato;CPVs;Entidade(s) Adjudicante(s);Entidade(s) Adjudicatária(s);Preço Contratual;Data de Publicação;Data de Celebração do Contrato;Prazo de Execução;Local de Execução;Fundamentação;Causa de Extinção do Contrato;Data de Fecho do Contrato;Preço Total Efetivo;Causas das Alterações ao Prazo;Causas das Alterações ao Preço;Estado;N.º registo do Acordo Quadro;Descrição do Acordo Quadro;Procedimento Centralizado;Ligação para Peças do Procedimento

﻿Objeto do Contrato;Tipo de Procedimento;Tipo(s) de Contrato;CPVs;Entidade(s) Adjudicante(s);Entidade(s) Adjudicatária(s);Preço Contratual;Data de Publicação;Data de Celebração do Contrato;Prazo de Execução;Local de Execução;Fundamentação;Causa de Extinção do Contrato;Data de Fecho do Contrato;Preço Total Efetivo;Causas das Alterações ao Prazo;Causas das Alterações ao Preço;Estado;N.º registo do Acordo Quadro;Descrição do Acordo Quadro;Procedimento Centralizado;Ligação para Peças do Procedimento

﻿Objeto do Contrato;Tipo de Procedimento;Tipo(s) de Contrato;CPVs;Entidade(s) Adjudicante(s);Entidade(s) Adjudicatária(s);Preço Contratual;Data de Publicação;Data de Celebração do Contrato;Prazo de Execução;Local de Execução;Fundamentação;Causa de Extinção do Contrato;Data de Fecho do Contrato;Preço Total Efetivo;Causas das Alterações ao Prazo;Causas das Alterações ao Preço;Estado;N.º registo do Acordo Quadro;Descrição do Acordo Quadro;Procedimento Centralizado;Ligação para Peças do Procedimento

﻿Objeto do Contrato;Tipo de Procedimento;Tipo(s) de Contrato;CPVs;Entidade(s) Adjudicante(s);Entidade(s) Adjudicatária(s);Preço Contratual;Data de Publicação;Data de Celebração do Contrato;Prazo de Execução;Local de Execução;Fundamentação;Causa de Extinção do Contrato;Data de Fecho do Contrato;Preço Total Efetivo;Causas das Alterações ao Prazo;Causas das Alterações ao Preço;Estado;N.º registo do Acordo Quadro;Descrição do Acordo Quadro;Procedimento Centralizado;Ligação para Peças do Procedimento

﻿Objeto do Contrato;Tipo de Procedimento;Tipo(s) de Contrato;CPVs;Entidade(s) Adjudicante(s);Entidade(s) Adjudicatária(s);Preço Contratual;Data de Publicação;Data de Celebração do Contrato;Prazo de Execução;Local de Execução;Fundamentação;Causa de Extinção do Contrato;Data de Fecho do Contrato;Preço Total Efetivo;Causas das Alterações ao Prazo;Causas das Alterações ao Preço;Estado;N.º registo do Acordo Quadro;Descrição do Acordo Quadro;Procedimento Centralizado;Ligação para Peças do Procedimento

﻿Objeto do Contrato;Tipo de Procedimento;Tipo(s) de Contrato;CPVs;Entidade(s) Adjudicante(s);Entidade(s) Adjudicatária(s);Preço Contratual;Data de Publicação;Data de Celebração do Contrato;Prazo de Execução;Local de Execução;Fundamentação;Causa de Extinção do Contrato;Data de Fecho do Contrato;Preço Total Efetivo;Causas das Alterações ao Prazo;Causas das Alterações ao Preço;Estado;N.º registo do Acordo Quadro;Descrição do Acordo Quadro;Procedimento Centralizado;Ligação para Peças do Procedimento

﻿Objeto do Contrato;Tipo de Procedimento;Tipo(s) de Contrato;CPVs;Entidade(s) Adjudicante(s);Entidade(s) Adjudicatária(s);Preço Contratual;Data de Publicação;Data de Celebração do Contrato;Prazo de Execução;Local de Execução;Fundamentação;Causa de Extinção do Contrato;Data de Fecho do Contrato;Preço Total Efetivo;Causas das Alterações ao Prazo;Causas das Alterações ao Preço;Estado;N.º registo do Acordo Quadro;Descrição do Acordo Quadro;Procedimento Centralizado;Ligação para Peças do Procedimento

﻿Objeto do Contrato;Tipo de Procedimento;Tipo(s) de Contrato;CPVs;Entidade(s) Adjudicante(s);Entidade(s) Adjudicatária(s);Preço Contratual;Data de Publicação;Data de Celebração do Contrato;Prazo de Execução;Local de Execução;Fundamentação;Causa de Extinção do Contrato;Data de Fecho do Contrato;Preço Total Efetivo;Causas das Alterações ao Prazo;Causas das Alterações ao Preço;Estado;N.º registo do Acordo Quadro;Descrição do Acordo Quadro;Procedimento Centralizado;Ligação para Peças do Procedimento

﻿Objeto do Contrato;Tipo de Procedimento;Tipo(s) de Contrato;CPVs;Entidade(s) Adjudicante(s);Entidade(s) Adjudicatária(s);Preço Contratual;Data de Publicação;Data de Celebração do Contrato;Prazo de Execução;Local de Execução;Fundamentação;Causa de Extinção do Contrato;Data de Fecho do Contrato;Preço Total Efetivo;Causas das Alterações ao Prazo;Causas das Alterações ao Preço;Estado;N.º registo do Acordo Quadro;Descrição do Acordo Quadro;Procedimento Centralizado;Ligação para Peças do Procedimento

﻿Objeto do Contrato;Tipo de Procedimento;Tipo(s) de Contrato;CPVs;Entidade(s) Adjudicante(s);Entidade(s) Adjudicatária(s);Preço Contratual;Data de Publicação;Data de Celebração do Contrato;Prazo de Execução;Local de Execução;Fundamentação;Causa de Extinção do Contrato;Data de Fecho do Contrato;Preço Total Efetivo;Causas das Alterações ao Prazo;Causas das Alterações ao Preço;Estado;N.º registo do Acordo Quadro;Descrição do Acordo Quadro;Procedimento Centralizado;Ligação para Peças do Procedimento

﻿Objeto do Contrato;Tipo de Procedimento;Tipo(s) de Contrato;CPVs;Entidade(s) Adjudicante(s);Entidade(s) Adjudicatária(s);Preço Contratual;Data de Publicação;Data de Celebração do Contrato;Prazo de Execução;Local de Execução;Fundamentação;Causa de Extinção do Contrato;Data de Fecho do Contrato;Preço Total Efetivo;Causas das Alterações ao Prazo;Causas das Alterações ao Preço;Estado;N.º registo do Acordo Quadro;Descrição do Acordo Quadro;Procedimento Centralizado;Ligação para Peças do Procedimento

﻿Objeto do Contrato;Tipo de Procedimento;Tipo(s) de Contrato;CPVs;Entidade(s) Adjudicante(s);Entidade(s) Adjudicatária(s);Preço Contratual;Data de Publicação;Data de Celebração do Contrato;Prazo de Execução;Local de Execução;Fundamentação;Causa de Extinção do Contrato;Data de Fecho do Contrato;Preço Total Efetivo;Causas das Alterações ao Prazo;Causas das Alterações ao Preço;Estado;N.º registo do Acordo Quadro;Descrição do Acordo Quadro;Procedimento Centralizado;Ligação para Peças do Procedimento

﻿Objeto do Contrato;Tipo de Procedimento;Tipo(s) de Contrato;CPVs;Entidade(s) Adjudicante(s);Entidade(s) Adjudicatária(s);Preço Contratual;Data de Publicação;Data de Celebração do Contrato;Prazo de Execução;Local de Execução;Fundamentação;Causa de Extinção do Contrato;Data de Fecho do Contrato;Preço Total Efetivo;Causas das Alterações ao Prazo;Causas das Alterações ao Preço;Estado;N.º registo do Acordo Quadro;Descrição do Acordo Quadro;Procedimento Centralizado;Ligação para Peças do Procedimento

﻿Objeto do Contrato;Tipo de Procedimento;Tipo(s) de Contrato;CPVs;Entidade(s) Adjudicante(s);Entidade(s) Adjudicatária(s);Preço Contratual;Data de Publicação;Data de Celebração do Contrato;Prazo de Execução;Local de Execução;Fundamentação;Causa de Extinção do Contrato;Data de Fecho do Contrato;Preço Total Efetivo;Causas das Alterações ao Prazo;Causas das Alterações ao Preço;Estado;N.º registo do Acordo Quadro;Descrição do Acordo Quadro;Procedimento Centralizado;Ligação para Peças do Procedimento

﻿Objeto do Contrato;Tipo de Procedimento;Tipo(s) de Contrato;CPVs;Entidade(s) Adjudicante(s);Entidade(s) Adjudicatária(s);Preço Contratual;Data de Publicação;Data de Celebração do Contrato;Prazo de Execução;Local de Execução;Fundamentação;Causa de Extinção do Contrato;Data de Fecho do Contrato;Preço Total Efetivo;Causas das Alterações ao Prazo;Causas das Alterações ao Preço;Estado;N.º registo do Acordo Quadro;Descrição do Acordo Quadro;Procedimento Centralizado;Ligação para Peças do Procedimento

﻿Objeto do Contrato;Tipo de Procedimento;Tipo(s) de Contrato;CPVs;Entidade(s) Adjudicante(s);Entidade(s) Adjudicatária(s);Preço Contratual;Data de Publicação;Data de Celebração do Contrato;Prazo de Execução;Local de Execução;Fundamentação;Causa de Extinção do Contrato;Data de Fecho do Contrato;Preço Total Efetivo;Causas das Alterações ao Prazo;Causas das Alterações ao Preço;Estado;N.º registo do Acordo Quadro;Descrição do Acordo Quadro;Procedimento Centralizado;Ligação para Peças do Procedimento

﻿Objeto do Contrato;Tipo de Procedimento;Tipo(s) de Contrato;CPVs;Entidade(s) Adjudicante(s);Entidade(s) Adjudicatária(s);Preço Contratual;Data de Publicação;Data de Celebração do Contrato;Prazo de Execução;Local de Execução;Fundamentação;Causa de Extinção do Contrato;Data de Fecho do Contrato;Preço Total Efetivo;Causas das Alterações ao Prazo;Causas das Alterações ao Preço;Estado;N.º registo do Acordo Quadro;Descrição do Acordo Quadro;Procedimento Centralizado;Ligação para Peças do Procedimento

﻿Objeto do Contrato;Tipo de Procedimento;Tipo(s) de Contrato;CPVs;Entidade(s) Adjudicante(s);Entidade(s) Adjudicatária(s);Preço Contratual;Data de Publicação;Data de Celebração do Contrato;Prazo de Execução;Local de Execução;Fundamentação;Causa de Extinção do Contrato;Data de Fecho do Contrato;Preço Total Efetivo;Causas das Alterações ao Prazo;Causas das Alterações ao Preço;Estado;N.º registo do Acordo Quadro;Descrição do Acordo Quadro;Procedimento Centralizado;Ligação para Peças do Procedimento

﻿Objeto do Contrato;Tipo de Procedimento;Tipo(s) de Contrato;CPVs;Entidade(s) Adjudicante(s);Entidade(s) Adjudicatária(s);Preço Contratual;Data de Publicação;Data de Celebração do Contrato;Prazo de Execução;Local de Execução;Fundamentação;Causa de Extinção do Contrato;Data de Fecho do Contrato;Preço Total Efetivo;Causas das Alterações ao Prazo;Causas das Alterações ao Preço;Estado;N.º registo do Acordo Quadro;Descrição do Acordo Quadro;Procedimento Centralizado;Ligação para Peças do Procedimento

﻿Objeto do Contrato;Tipo de Procedimento;Tipo(s) de Contrato;CPVs;Entidade(s) Adjudicante(s);Entidade(s) Adjudicatária(s);Preço Contratual;Data de Publicação;Data de Celebração do Contrato;Prazo de Execução;Local de Execução;Fundamentação;Causa de Extinção do Contrato;Data de Fecho do Contrato;Preço Total Efetivo;Causas das Alterações ao Prazo;Causas das Alterações ao Preço;Estado;N.º registo do Acordo Quadro;Descrição do Acordo Quadro;Procedimento Centralizado;Ligação para Peças do Procedimento

﻿Objeto do Contrato;Tipo de Procedimento;Tipo(s) de Contrato;CPVs;Entidade(s) Adjudicante(s);Entidade(s) Adjudicatária(s);Preço Contratual;Data de Publicação;Data de Celebração do Contrato;Prazo de Execução;Local de Execução;Fundamentação;Causa de Extinção do Contrato;Data de Fecho do Contrato;Preço Total Efetivo;Causas das Alterações ao Prazo;Causas das Alterações ao Preço;Estado;N.º registo do Acordo Quadro;Descrição do Acordo Quadro;Procedimento Centralizado;Ligação para Peças do Procedimento

﻿Objeto do Contrato;Tipo de Procedimento;Tipo(s) de Contrato;CPVs;Entidade(s) Adjudicante(s);Entidade(s) Adjudicatária(s);Preço Contratual;Data de Publicação;Data de Celebração do Contrato;Prazo de Execução;Local de Execução;Fundamentação;Causa de Extinção do Contrato;Data de Fecho do Contrato;Preço Total Efetivo;Causas das Alterações ao Prazo;Causas das Alterações ao Preço;Estado;N.º registo do Acordo Quadro;Descrição do Acordo Quadro;Procedimento Centralizado;Ligação para Peças do Procedimento

﻿Objeto do Contrato;Tipo de Procedimento;Tipo(s) de Contrato;CPVs;Entidade(s) Adjudicante(s);Entidade(s) Adjudicatária(s);Preço Contratual;Data de Publicação;Data de Celebração do Contrato;Prazo de Execução;Local de Execução;Fundamentação;Causa de Extinção do Contrato;Data de Fecho do Contrato;Preço Total Efetivo;Causas das Alterações ao Prazo;Causas das Alterações ao Preço;Estado;N.º registo do Acordo Quadro;Descrição do Acordo Quadro;Procedimento Centralizado;Ligação para Peças do Procedimento

﻿Objeto do Contrato;Tipo de Procedimento;Tipo(s) de Contrato;CPVs;Entidade(s) Adjudicante(s);Entidade(s) Adjudicatária(s);Preço Contratual;Data de Publicação;Data de Celebração do Contrato;Prazo de Execução;Local de Execução;Fundamentação;Causa de Extinção do Contrato;Data de Fecho do Contrato;Preço Total Efetivo;Causas das Alterações ao Prazo;Causas das Alterações ao Preço;Estado;N.º registo do Acordo Quadro;Descrição do Acordo Quadro;Procedimento Centralizado;Ligação para Peças do Procedimento

﻿Objeto do Contrato;Tipo de Procedimento;Tipo(s) de Contrato;CPVs;Entidade(s) Adjudicante(s);Entidade(s) Adjudicatária(s);Preço Contratual;Data de Publicação;Data de Celebração do Contrato;Prazo de Execução;Local de Execução;Fundamentação;Causa de Extinção do Contrato;Data de Fecho do Contrato;Preço Total Efetivo;Causas das Alterações ao Prazo;Causas das Alterações ao Preço;Estado;N.º registo do Acordo Quadro;Descrição do Acordo Quadro;Procedimento Centralizado;Ligação para Peças do Procedimento

﻿Objeto do Contrato;Tipo de Procedimento;Tipo(s) de Contrato;CPVs;Entidade(s) Adjudicante(s);Entidade(s) Adjudicatária(s);Preço Contratual;Data de Publicação;Data de Celebração do Contrato;Prazo de Execução;Local de Execução;Fundamentação;Causa de Extinção do Contrato;Data de Fecho do Contrato;Preço Total Efetivo;Causas das Alterações ao Prazo;Causas das Alterações ao Preço;Estado;N.º registo do Acordo Quadro;Descrição do Acordo Quadro;Procedimento Centralizado;Ligação para Peças do Procedimento

﻿Objeto do Contrato;Tipo de Procedimento;Tipo(s) de Contrato;CPVs;Entidade(s) Adjudicante(s);Entidade(s) Adjudicatária(s);Preço Contratual;Data de Publicação;Data de Celebração do Contrato;Prazo de Execução;Local de Execução;Fundamentação;Causa de Extinção do Contrato;Data de Fecho do Contrato;Preço Total Efetivo;Causas das Alterações ao Prazo;Causas das Alterações ao Preço;Estado;N.º registo do Acordo Quadro;Descrição do Acordo Quadro;Procedimento Centralizado;Ligação para Peças do Procedimento
